Structure,Average RMSD
5nx1_C,0.71125
4u32_X,0.7124999999999999
5nx3_D,0.7741666666666664
6kzf_A,0.8258333333333332
6bx8_B,0.8312499999999997
1fak_I,0.8583333333333335
1aap_A,0.86625
3byb_A,0.8916666666666666
1y62_A,0.9079166666666668
1tfx_C,0.9462499999999999
3fp7_J,0.9662499999999999
1knt_A,0.9791666666666664
4u30_X,0.9820833333333333
1f5r_I,0.9870833333333334
5jb6_A,1.006666666666667
5m4v_A,1.0154166666666666
1dtx_A,1.02125
6yhy_A,1.0641666666666663
1zr0_B,1.1333333333333335
4iso_B,1.1720833333333331
1yc0_I,1.1858333333333333
3m7q_B,1.210416666666667
4ntw_B,1.4462499999999998
1bun_B,1.5095833333333333
