Structure,Average TM-score
1f5r_I,0.86956125
1tfx_C,0.86792625
1aap_A,0.8665520833333332
1fak_I,0.8532449999999999
5nx1_C,0.8531170833333334
6yhy_A,0.8511545833333335
6bx8_B,0.8487229166666669
5jb6_A,0.8427025
1dtx_A,0.8426158333333335
1y62_A,0.8398916666666666
3byb_A,0.8398358333333332
4u32_X,0.8396725000000002
5m4v_A,0.8334554166666667
4iso_B,0.8308654166666666
1zr0_B,0.822165
5nx3_D,0.8167229166666669
1knt_A,0.8152279166666667
3m7q_B,0.8104958333333334
1yc0_I,0.8094525
4u30_X,0.7945899999999999
4ntw_B,0.7896158333333333
1bun_B,0.7861991666666667
3fp7_J,0.7480845833333333
6kzf_A,0.26727458333333337
